id_str,Disturbed_pred,Merging_pred,Round Smooth_pred,In-between Round Smooth_pred,Cigar Shaped Smooth_pred,Barred Spiral_pred,Unbarred Tight Spiral_pred,Unbarred Loose Spiral_pred,Edge-on without Bulge_pred,Edge-on with Bulge_pred
lUqiZ0rA,0.12152066826820374,0.01400705799460411,0.005282260477542877,0.002558120060712099,0.0008078162209130824,0.3088182806968689,0.012767070904374123,0.5206249356269836,0.003626412944868207,0.00998739805072546
