id_str,Disturbed_pred,Merging_pred,Round Smooth_pred,In-between Round Smooth_pred,Cigar Shaped Smooth_pred,Barred Spiral_pred,Unbarred Tight Spiral_pred,Unbarred Loose Spiral_pred,Edge-on without Bulge_pred,Edge-on with Bulge_pred
uLJWhrdr,0.0020173480734229088,0.00015356008952949196,0.00018585115321911871,0.00020131592464167625,5.884351412532851e-05,0.9939247965812683,0.00016820526798255742,0.0008428795845247805,0.00020066018623765558,0.00224646576680243
